{"cameraMode":{"drawMode":0,"name":"Shaded","section":"Shading Mode"},"sceneLighting":true,"audioPlay":false,"sceneViewState":{"showFog":true,"showMaterialUpdate":false,"showSkybox":true,"showFlares":true,"showImageEffects":true,"showParticleSystems":true},"in2DMode":false,"pivot":{"x":-3.580906391143799,"y":7.789834976196289,"z":-3.0167551040649416},"rotation":{"x":0.21022431552410127,"y":-0.007338407449424267,"z":0.0015777202788740397,"w":0.9776284694671631},"size":11.34604263305664,"orthographic":false}