{"cameraMode":{"drawMode":0,"name":"Shaded","section":"Shading Mode"},"sceneLighting":true,"audioPlay":false,"sceneViewState":{"showFog":true,"showMaterialUpdate":false,"showSkybox":true,"showFlares":true,"showImageEffects":true,"showParticleSystems":true},"in2DMode":false,"pivot":{"x":1.9444782733917237,"y":-0.7396401166915894,"z":-5.144017219543457},"rotation":{"x":-0.2245420515537262,"y":0.16399981081485749,"z":-0.038357604295015338,"w":-0.9598109126091003},"size":10.436869621276856,"orthographic":false}